"DBPedia_5371","Forbes_1273","1.0"
"DBPedia_6185","Forbes_1134","0.9814921659324982"
"DBPedia_6061","Forbes_597","0.8017269938440325"
"DBPedia_5555","Forbes_697","0.9994885728235531"
"DBPedia_2098","Forbes_256","1.0"
"DBPedia_8464","Forbes_1407","0.3533307749168862"
"DBPedia_8361","Forbes_489","0.9999999999996907"
"DBPedia_1362","Forbes_1935","0.9999958507322356"
"DBPedia_7875","Forbes_163","1.0"
"DBPedia_1344","Forbes_1231","0.8322944756543759"
"DBPedia_9035","Forbes_17","0.9999972305516118"
"DBPedia_4763","Forbes_1664","1.0"
"DBPedia_1507","Forbes_1889","0.9998208982842206"
"DBPedia_3740","Forbes_1175","0.9999999999379159"
"DBPedia_9584","Forbes_1764","1.0"
"DBPedia_6773","Forbes_1900","1.0"
"DBPedia_8484","Forbes_1505","0.9995208669931513"
"DBPedia_1203","Forbes_1654","0.9757611755471056"
"DBPedia_6212","Forbes_922","0.45998479452879804"
"DBPedia_8151","Forbes_596","0.5301197363352373"
"DBPedia_5114","Forbes_567","1.0"
"DBPedia_3690","Forbes_1951","0.9999955719532376"
"DBPedia_5937","Forbes_886","0.9999998189252639"
"DBPedia_3037","Forbes_1968","0.9998805989314525"
"DBPedia_6212","Forbes_503","1.0"
"DBPedia_8331","Forbes_1892","1.0"
"DBPedia_5385","Forbes_801","1.0"
"DBPedia_7758","Forbes_203","1.0"
"DBPedia_7666","Forbes_736","1.0"
"DBPedia_6061","Forbes_152","0.999705721760622"
"DBPedia_5937","Forbes_1883","0.9999999680212676"
"DBPedia_1579","Forbes_1545","0.5537159022132878"
"DBPedia_1595","Forbes_117","1.0"
"DBPedia_9030","Forbes_814","1.0"
"DBPedia_6391","Forbes_512","0.9702093342045514"
"DBPedia_6734","Forbes_1343","0.9999990176771948"
"DBPedia_9869","Forbes_1449","0.999999998933806"
"DBPedia_10101","Forbes_1332","0.34322454725854296"
"DBPedia_5581","Forbes_735","0.99999999999972"
"DBPedia_806","Forbes_308","0.9946947640509639"
"DBPedia_462","Forbes_1438","0.9765948649561691"
"DBPedia_2458","Forbes_977","0.9999999999999541"
"DBPedia_10070","Forbes_1903","1.0"
"DBPedia_7746","Forbes_817","0.9942399297561159"
"DBPedia_7365","Forbes_659","1.0"
"DBPedia_2344","Forbes_973","0.999999999995362"
"DBPedia_8381","Forbes_876","1.0"
"DBPedia_6409","Forbes_736","0.9968014986419036"
"DBPedia_8628","Forbes_948","0.9982593849736677"
"DBPedia_1161","Forbes_1821","0.9999999999415923"
"DBPedia_7367","Forbes_1037","1.0"
"DBPedia_3043","Forbes_934","0.8216031259005772"
"DBPedia_1604","Forbes_1230","0.9916274187570231"
"DBPedia_8351","Forbes_960","0.9999999996117932"
"DBPedia_4205","Forbes_540","0.9953476545209372"
"DBPedia_7759","Forbes_1043","0.5395252057984318"
"DBPedia_5912","Forbes_746","0.9999999139187823"
"DBPedia_2672","Forbes_1508","0.9999999999982188"
"DBPedia_1990","Forbes_469","1.0"
"DBPedia_3930","Forbes_1707","0.9999999985823916"
"DBPedia_8269","Forbes_675","0.9997459674735378"
"DBPedia_9825","Forbes_1032","0.922957911328206"
"DBPedia_6683","Forbes_1016","0.999998988776847"
"DBPedia_4765","Forbes_1051","0.9999989853350654"
"DBPedia_7731","Forbes_1666","0.9999907157628665"
"DBPedia_8199","Forbes_1259","0.9999999996236033"
"DBPedia_1399","Forbes_1928","1.0"
"DBPedia_8633","Forbes_168","1.0"
"DBPedia_433","Forbes_528","0.5684196721797413"
"DBPedia_3922","Forbes_1954","0.9709735914362574"
"DBPedia_9748","Forbes_1534","0.9999993851048895"
"DBPedia_9825","Forbes_1130","0.9999999937545805"
"DBPedia_3915","Forbes_157","1.0"
"DBPedia_7758","Forbes_35","0.7065243911628224"
"DBPedia_6585","Forbes_1556","1.0"
"DBPedia_8993","Forbes_333","0.999999999999627"
"DBPedia_10101","Forbes_808","0.9653030950405918"
"DBPedia_7530","Forbes_650","1.0"
"DBPedia_672","Forbes_343","0.9684138140427274"
"DBPedia_2661","Forbes_20","0.9999136821969555"
"DBPedia_458","Forbes_269","0.9851086952602399"
"DBPedia_8805","Forbes_135","1.0"
"DBPedia_10653","Forbes_627","0.9999997135632235"
"DBPedia_10674","Forbes_109","1.0"
"DBPedia_6758","Forbes_1671","1.0"
"DBPedia_6940","Forbes_1561","1.0"
"DBPedia_7666","Forbes_569","0.9999999236221013"
"DBPedia_4910","Forbes_1586","1.0"
"DBPedia_4061","Forbes_1226","0.9999998157837793"
"DBPedia_10279","Forbes_487","1.0"
"DBPedia_4061","Forbes_1980","0.9779959119148601"
"DBPedia_8931","Forbes_1954","0.9999969510622438"
"DBPedia_4415","Forbes_570","0.9659129619102201"
"DBPedia_5585","Forbes_222","1.0"
"DBPedia_7730","Forbes_1654","0.9999999999999888"
"DBPedia_9825","Forbes_302","0.999999999999999"
"DBPedia_5395","Forbes_1992","0.9999999889491676"
"DBPedia_8809","Forbes_1839","0.9999999986429052"
"DBPedia_2922","Forbes_1235","0.9979125596060971"
"DBPedia_1597","Forbes_685","0.9999999977560637"
"DBPedia_647","Forbes_364","1.0"
"DBPedia_10291","Forbes_671","0.8237452823436964"
"DBPedia_9838","Forbes_734","0.9754596324001854"
"DBPedia_10100","Forbes_395","0.9994318385325456"
"DBPedia_4019","Forbes_627","0.9999999966944535"
"DBPedia_8744","Forbes_718","0.8159777471571206"
"DBPedia_4590","Forbes_162","1.0"
"DBPedia_6121","Forbes_510","1.0"
"DBPedia_6391","Forbes_114","0.9916266888662449"
"DBPedia_5206","Forbes_294","0.9999999999842795"
"DBPedia_6127","Forbes_1222","1.0"
"DBPedia_8868","Forbes_625","1.0"
"DBPedia_6061","Forbes_197","0.993442848676498"
"DBPedia_991","Forbes_865","0.9935327627306652"
"DBPedia_1147","Forbes_234","1.0"
"DBPedia_10453","Forbes_236","1.0"
"DBPedia_4630","Forbes_395","0.99541179243872"
"DBPedia_7224","Forbes_1910","1.0"
"DBPedia_1725","Forbes_1502","0.9993246029444031"
"DBPedia_4982","Forbes_654","0.9999979026224282"
"DBPedia_9692","Forbes_1142","0.9999999999999999"
"DBPedia_3520","Forbes_1021","1.0"
"DBPedia_9353","Forbes_99","0.9222678883105145"
"DBPedia_3055","Forbes_538","0.6944309172410986"
"DBPedia_8350","Forbes_1460","0.9999212631630651"
"DBPedia_8078","Forbes_459","1.0"
"DBPedia_10274","Forbes_1916","0.9757611755471056"
"DBPedia_5376","Forbes_817","0.7241338833430211"
"DBPedia_6407","Forbes_1035","0.8349734124902982"
"DBPedia_2476","Forbes_700","1.0"
"DBPedia_8532","Forbes_1389","1.0"
"DBPedia_8382","Forbes_1248","0.999997808937954"
"DBPedia_3936","Forbes_505","0.9999990976948898"
"DBPedia_7737","Forbes_1055","0.9999999999991833"
"DBPedia_251","Forbes_1784","1.0"
"DBPedia_4976","Forbes_1074","0.9877055669897472"
"DBPedia_8340","Forbes_1204","1.0"
"DBPedia_1599","Forbes_102","1.0"
"DBPedia_9730","Forbes_1786","0.9999999999977153"
"DBPedia_9368","Forbes_1802","1.0"
"DBPedia_8194","Forbes_1835","1.0"
"DBPedia_4387","Forbes_1503","0.9999999999999999"
"DBPedia_7917","Forbes_1557","0.9999063816063791"
"DBPedia_4621","Forbes_1938","0.9576775154597673"
"DBPedia_7846","Forbes_1932","0.9992938792823509"
"DBPedia_5397","Forbes_1062","0.7633033456132564"
"DBPedia_4572","Forbes_1540","0.9808639155944603"
"DBPedia_4200","Forbes_34","1.0"
"DBPedia_4647","Forbes_267","0.9935327627306652"
"DBPedia_9838","Forbes_1196","1.0"
"DBPedia_4393","Forbes_176","0.9999999999986058"
"DBPedia_4406","Forbes_677","1.0"
"DBPedia_5428","Forbes_1725","0.9999979026224282"
"DBPedia_5210","Forbes_1862","0.999999999999999"
"DBPedia_5587","Forbes_901","1.0"
"DBPedia_5209","Forbes_896","0.9999997580685421"
"DBPedia_8464","Forbes_1909","0.635140447098833"
"DBPedia_1587","Forbes_1043","0.9999400474774318"
"DBPedia_1209","Forbes_458","0.9999999993526603"
"DBPedia_6761","Forbes_210","1.0"
"DBPedia_2888","Forbes_815","0.9999999999999961"
"DBPedia_2143","Forbes_305","0.9945354335308294"
"DBPedia_7216","Forbes_1033","0.6990400675259402"
"DBPedia_3690","Forbes_713","0.9999958334226847"
"DBPedia_5570","Forbes_808","0.9999978955100974"
"DBPedia_8986","Forbes_723","0.999981328676929"
"DBPedia_1793","Forbes_1597","1.0"
"DBPedia_4754","Forbes_928","1.0"
"DBPedia_9321","Forbes_1166","1.0"
"DBPedia_1168","Forbes_1505","0.9669836493973104"
"DBPedia_6212","Forbes_1869","0.9999788155721921"
"DBPedia_6924","Forbes_1104","0.999999999999993"
"DBPedia_8628","Forbes_169","0.9693559608910343"
"DBPedia_2698","Forbes_718","0.9382176621417183"
"DBPedia_3334","Forbes_699","1.0"
"DBPedia_3734","Forbes_1043","0.9866741317392783"
"DBPedia_5209","Forbes_496","0.8602270239157793"
"DBPedia_2288","Forbes_1682","0.45136180613583216"
"DBPedia_5570","Forbes_313","0.9999997663452023"
"DBPedia_10","Forbes_1828","1.0"
"DBPedia_5937","Forbes_806","0.9999683567618246"
"DBPedia_7747","Forbes_832","1.0"
"DBPedia_2475","Forbes_27","1.0"
"DBPedia_7721","Forbes_9","1.0"
"DBPedia_790","Forbes_834","0.9999999978978166"
"DBPedia_2465","Forbes_605","0.9999998668325003"
"DBPedia_9189","Forbes_681","0.9999999973212275"
"DBPedia_216","Forbes_1315","1.0"
"DBPedia_9322","Forbes_1395","0.9997967974636074"
"DBPedia_4580","Forbes_1938","0.3215599687936318"
"DBPedia_2515","Forbes_1590","0.9998987325277301"
"DBPedia_6594","Forbes_172","1.0"
"DBPedia_7385","Forbes_968","1.0"
"DBPedia_6769","Forbes_1450","0.8070861356515557"
"DBPedia_10537","Forbes_621","0.9999996772859086"
"DBPedia_3936","Forbes_635","0.9999999986612168"
"DBPedia_8029","Forbes_1757","0.44260870810390723"
"DBPedia_10119","Forbes_736","0.9991934199727498"
"DBPedia_4045","Forbes_68","1.0"
"DBPedia_4516","Forbes_1407","0.9989693095514733"
"DBPedia_2624","Forbes_1273","0.9966604496711683"
"DBPedia_8536","Forbes_572","1.0"
"DBPedia_448","Forbes_1840","1.0"
"DBPedia_9357","Forbes_1231","0.999120139146835"
"DBPedia_9353","Forbes_697","0.519138117375722"
"DBPedia_4702","Forbes_1234","0.9999999976756451"
"DBPedia_2702","Forbes_18","1.0"
"DBPedia_9217","Forbes_169","0.999364788554317"
"DBPedia_9095","Forbes_734","0.6151359796166882"
"DBPedia_3309","Forbes_125","0.9316276817048024"
"DBPedia_3032","Forbes_257","0.9999999999999996"
"DBPedia_10671","Forbes_865","0.9999999312409548"
"DBPedia_2681","Forbes_362","1.0"
"DBPedia_5745","Forbes_1666","0.9873331839560499"
"DBPedia_2506","Forbes_1813","0.9999972305516118"
"DBPedia_8628","Forbes_284","0.9999999999999996"
"DBPedia_10363","Forbes_1497","0.8859394065433285"
"DBPedia_8460","Forbes_216","1.0"
"DBPedia_2996","Forbes_1464","0.8780791527777965"
"DBPedia_10331","Forbes_1545","0.34515779383475237"
"DBPedia_3744","Forbes_778","0.7698959083979672"
"DBPedia_9869","Forbes_945","0.9999999985724433"
"DBPedia_9009","Forbes_1274","1.0"
"DBPedia_4934","Forbes_1219","0.8193102472017163"
"DBPedia_8866","Forbes_1571","0.9999994657531263"
"DBPedia_2473","Forbes_776","0.9859714070656684"
"DBPedia_6128","Forbes_215","1.0"
"DBPedia_701","Forbes_555","0.9999999999250111"
"DBPedia_5374","Forbes_1269","1.0"
"DBPedia_8372","Forbes_349","0.9931926514617447"
"DBPedia_3905","Forbes_471","1.0"
"DBPedia_6391","Forbes_1035","1.0"
"DBPedia_10559","Forbes_1203","1.0"
"DBPedia_2104","Forbes_1910","0.9999999963495794"
"DBPedia_8030","Forbes_308","0.8958725466122782"
"DBPedia_1604","Forbes_908","0.7476362822203008"
"DBPedia_4108","Forbes_1805","0.9999996518727603"
"DBPedia_4752","Forbes_1546","0.9999996518727603"
"DBPedia_6845","Forbes_263","0.9935327627306652"
"DBPedia_10331","Forbes_560","0.9999999792360592"
"DBPedia_469","Forbes_549","1.0"
"DBPedia_4104","Forbes_267","0.5700812187979865"
"DBPedia_3704","Forbes_1502","0.9999991937782786"
"DBPedia_10208","Forbes_731","1.0"
"DBPedia_8545","Forbes_271","1.0"
"DBPedia_1048","Forbes_1401","0.9996150266687481"
"DBPedia_3740","Forbes_990","0.9999999999993918"
"DBPedia_6230","Forbes_734","0.9999999972308963"
"DBPedia_10146","Forbes_1511","0.999999999702502"
"DBPedia_8030","Forbes_1174","0.8889640177814727"
"DBPedia_5757","Forbes_1450","1.0"
"DBPedia_2255","Forbes_927","1.0"
"DBPedia_3727","Forbes_560","1.0"
"DBPedia_2704","Forbes_1296","0.9902972984367445"
"DBPedia_3037","Forbes_1787","1.0"
"DBPedia_6591","Forbes_207","1.0"
"DBPedia_4891","Forbes_1225","0.9999999999999537"
"DBPedia_6377","Forbes_369","1.0"
"DBPedia_4205","Forbes_1130","0.8899155214778389"
"DBPedia_7730","Forbes_524","0.9993598633198535"
"DBPedia_5376","Forbes_420","0.4111678802428615"
"DBPedia_10206","Forbes_1127","1.0"
"DBPedia_5376","Forbes_976","0.9679328965003338"
"DBPedia_8388","Forbes_1407","0.9997400718494898"
"DBPedia_4407","Forbes_1199","0.9997978922183107"
"DBPedia_9510","Forbes_268","0.9999999978353025"
"DBPedia_10434","Forbes_1014","0.966040078877395"
"DBPedia_6439","Forbes_1500","1.0"
"DBPedia_5214","Forbes_1640","1.0"
"DBPedia_3554","Forbes_494","0.9999996518727603"
"DBPedia_5390","Forbes_1920","0.33070456492127975"
"DBPedia_2399","Forbes_712","0.9999999999934523"
"DBPedia_5555","Forbes_99","0.991138991106596"
"DBPedia_4924","Forbes_1009","1.0"
"DBPedia_9217","Forbes_263","0.9848527403342977"
"DBPedia_8866","Forbes_1446","1.0"
"DBPedia_5379","Forbes_125","0.9999999999999996"
"DBPedia_5754","Forbes_1518","0.9950922137281569"
"DBPedia_5105","Forbes_202","1.0"
"DBPedia_9468","Forbes_405","0.9999999733424935"
"DBPedia_956","Forbes_1294","0.9996029186617202"
"DBPedia_3875","Forbes_1788","0.971639820053693"
"DBPedia_3690","Forbes_1685","0.99999832890162"
"DBPedia_9825","Forbes_540","0.9999776855778545"
"DBPedia_2288","Forbes_125","0.9944290459019917"
"DBPedia_5840","Forbes_679","0.9218332598283902"
"DBPedia_4687","Forbes_129","0.9999724542085345"
"DBPedia_2269","Forbes_299","1.0"
"DBPedia_7384","Forbes_855","1.0"
"DBPedia_4941","Forbes_1481","1.0"
"DBPedia_4904","Forbes_175","1.0"
"DBPedia_6406","Forbes_1221","1.0"
"DBPedia_6407","Forbes_585","0.980744116681708"
"DBPedia_6663","Forbes_1522","0.30547946677067833"
"DBPedia_10013","Forbes_66","1.0"
"DBPedia_3706","Forbes_942","0.9999999003366817"
"DBPedia_4939","Forbes_1795","1.0"
"DBPedia_10685","Forbes_320","0.9999999997702577"
"DBPedia_5115","Forbes_596","0.9987083200097832"
"DBPedia_3051","Forbes_1515","1.0"
"DBPedia_10119","Forbes_569","0.9999999999999843"
"DBPedia_2608","Forbes_1523","0.9873087526588196"
"DBPedia_4507","Forbes_473","0.896002239858528"
"DBPedia_153","Forbes_1467","0.999982407933283"
"DBPedia_9733","Forbes_239","0.9999999999999976"
"DBPedia_3736","Forbes_391","1.0"
"DBPedia_9468","Forbes_303","1.0"
"DBPedia_5984","Forbes_383","0.8929046891177693"
"DBPedia_7372","Forbes_1755","1.0"
"DBPedia_2603","Forbes_1395","0.319546957007245"
"DBPedia_6212","Forbes_1265","0.9999999088639653"
"DBPedia_6785","Forbes_990","0.972239471426305"
"DBPedia_4761","Forbes_323","0.9999680416084683"
"DBPedia_3030","Forbes_596","1.0"
"DBPedia_861","Forbes_314","1.0"
"DBPedia_1682","Forbes_316","0.9999999999169479"
"DBPedia_4396","Forbes_1920","0.998095915204396"
"DBPedia_9583","Forbes_1043","1.0"
"DBPedia_9442","Forbes_240","0.9999950568937808"
"DBPedia_5381","Forbes_32","1.0"
"DBPedia_8196","Forbes_1953","1.0"
"DBPedia_568","Forbes_155","0.9999998478623119"
"DBPedia_8523","Forbes_1511","1.0"
"DBPedia_5113","Forbes_1311","1.0"
"DBPedia_1523","Forbes_1838","0.9262723958099749"
"DBPedia_5419","Forbes_1476","0.992830161507916"
"DBPedia_5109","Forbes_557","0.9999999999999912"
"DBPedia_6575","Forbes_714","0.9977302809663908"
"DBPedia_8535","Forbes_812","1.0"
"DBPedia_8953","Forbes_1327","0.9654908037128803"
"DBPedia_4009","Forbes_435","0.9999999995332672"
"DBPedia_9748","Forbes_754","0.9999999956059537"
"DBPedia_8406","Forbes_1681","0.9999999999624728"
"DBPedia_1515","Forbes_1817","0.9999955339631239"
"DBPedia_7481","Forbes_86","0.9937892167733967"
"DBPedia_9038","Forbes_392","1.0"
"DBPedia_4773","Forbes_1255","0.9999999991056299"
"DBPedia_3978","Forbes_301","0.9974557701234438"
"DBPedia_480","Forbes_1853","0.9999999999959296"
"DBPedia_6407","Forbes_920","0.9858248692073269"
"DBPedia_6856","Forbes_655","1.0"
"DBPedia_10380","Forbes_1419","1.0"
"DBPedia_848","Forbes_1444","0.9999999999754092"
"DBPedia_3145","Forbes_1542","1.0"
"DBPedia_18","Forbes_1572","0.9999991328034478"
"DBPedia_1369","Forbes_1951","0.8853748134358289"
"DBPedia_7731","Forbes_1068","0.9999999938563692"
"DBPedia_1344","Forbes_697","0.9999999999934106"
"DBPedia_4429","Forbes_1748","0.9999999999999998"
"DBPedia_4207","Forbes_1855","0.9999996518727603"
"DBPedia_4507","Forbes_936","0.9153387818369626"
"DBPedia_2777","Forbes_1666","0.9999999999963226"
"DBPedia_3171","Forbes_579","0.9999999999879374"
"DBPedia_1822","Forbes_1571","0.9999990392245284"
"DBPedia_385","Forbes_922","0.9979125596060971"
"DBPedia_10260","Forbes_292","0.9999981147858202"
"DBPedia_9189","Forbes_936","0.9999999999997435"
"DBPedia_4131","Forbes_957","1.0"
"DBPedia_6552","Forbes_1437","0.9999998702076871"
"DBPedia_974","Forbes_938","1.0"
"DBPedia_6407","Forbes_570","0.9781203980213429"
"DBPedia_1348","Forbes_1033","0.9999998277812063"
"DBPedia_8050","Forbes_984","1.0"
"DBPedia_9370","Forbes_1166","0.9999998758497428"
"DBPedia_956","Forbes_1683","0.9948204340823866"
"DBPedia_4461","Forbes_1625","0.9370422194744578"
"DBPedia_5937","Forbes_555","0.9963160646244934"
"DBPedia_425","Forbes_910","0.9999999999999887"
"DBPedia_6694","Forbes_1456","0.9669836493973104"
"DBPedia_407","Forbes_1003","0.4343634020807892"
"DBPedia_1794","Forbes_1950","1.0"
"DBPedia_9194","Forbes_1821","0.9942093187524645"
"DBPedia_1587","Forbes_1942","0.990473236679903"
"DBPedia_10100","Forbes_263","0.9999519177666216"
"DBPedia_8747","Forbes_80","1.0"
"DBPedia_10633","Forbes_1032","0.9997702835587656"
"DBPedia_4572","Forbes_922","1.0"
"DBPedia_9469","Forbes_79","1.0"
"DBPedia_3650","Forbes_1344","0.9999999986429052"
"DBPedia_3303","Forbes_43","1.0"
"DBPedia_9235","Forbes_706","1.0"
"DBPedia_3469","Forbes_1822","0.5139863301065317"
"DBPedia_2981","Forbes_1313","1.0"
"DBPedia_2473","Forbes_1479","1.0"
"DBPedia_670","Forbes_1429","1.0"
"DBPedia_6571","Forbes_684","1.0"
"DBPedia_7497","Forbes_1528","1.0"
"DBPedia_3329","Forbes_169","0.9999999990389484"
"DBPedia_6224","Forbes_484","1.0"
"DBPedia_8517","Forbes_1215","0.9999996726631811"
"DBPedia_8875","Forbes_68","0.9999999795677877"
"DBPedia_5561","Forbes_1451","1.0"
"DBPedia_4104","Forbes_808","1.0"
"DBPedia_7553","Forbes_818","0.67726529124236"
"DBPedia_3045","Forbes_1623","1.0"
"DBPedia_7314","Forbes_550","0.45879642670526427"
"DBPedia_2701","Forbes_210","0.9999948555886741"
"DBPedia_4400","Forbes_1377","1.0"
"DBPedia_1352","Forbes_1922","0.9999998345426077"
"DBPedia_2737","Forbes_1145","0.30807266126504945"
"DBPedia_8704","Forbes_1942","0.456484780392359"
"DBPedia_9002","Forbes_1711","1.0"
"DBPedia_8931","Forbes_453","0.9999999904207252"
"DBPedia_5754","Forbes_1018","0.9999136920836934"
"DBPedia_8712","Forbes_319","1.0"
"DBPedia_1558","Forbes_182","1.0"
"DBPedia_6407","Forbes_458","0.36883865028232626"
"DBPedia_6683","Forbes_1205","1.0"
"DBPedia_4393","Forbes_66","0.9601422228813243"
"DBPedia_4104","Forbes_1332","0.8454783993650501"
"DBPedia_8633","Forbes_454","0.795077732334015"
"DBPedia_7393","Forbes_22","1.0"
"DBPedia_10331","Forbes_1435","0.9999999999989415"
"DBPedia_9291","Forbes_1460","0.9999999999932121"
"DBPedia_8691","Forbes_703","1.0"
"DBPedia_10434","Forbes_1179","1.0"
"DBPedia_10294","Forbes_685","0.9785019487536167"
"DBPedia_5556","Forbes_144","1.0"
"DBPedia_2918","Forbes_1243","0.9999999990223094"
"DBPedia_1021","Forbes_780","0.999999943705416"
"DBPedia_458","Forbes_1916","0.363399967952001"
"DBPedia_2676","Forbes_33","0.9999998338265086"
"DBPedia_5790","Forbes_1085","0.9988547944518751"
"DBPedia_9621","Forbes_885","0.9999999999996688"
"DBPedia_10433","Forbes_372","1.0"
"DBPedia_849","Forbes_506","1.0"
"DBPedia_6614","Forbes_1008","0.996357840026391"
"DBPedia_3546","Forbes_1504","1.0"
"DBPedia_10100","Forbes_169","0.9999999999983328"
"DBPedia_6583","Forbes_1456","0.9997502974834533"
"DBPedia_5115","Forbes_1239","1.0"
"DBPedia_8872","Forbes_1960","0.605427926459726"
"DBPedia_3043","Forbes_1195","1.0"
"DBPedia_9586","Forbes_1303","1.0"
"DBPedia_10626","Forbes_1510","1.0"
"DBPedia_8879","Forbes_415","0.8353005183594379"
"DBPedia_4630","Forbes_284","0.9999999647670144"
"DBPedia_7207","Forbes_1625","0.9999873117383495"
"DBPedia_2706","Forbes_1537","1.0"
"DBPedia_7752","Forbes_67","1.0"
"DBPedia_2851","Forbes_844","1.0"
"DBPedia_3329","Forbes_263","0.9999985678659375"
"DBPedia_3160","Forbes_1280","0.5943782484273219"
"DBPedia_3450","Forbes_1966","0.9828408038071258"
"DBPedia_6832","Forbes_990","0.9785019487536167"
"DBPedia_2196","Forbes_672","0.9999999994722858"
"DBPedia_8458","Forbes_201","0.9999999999999963"
"DBPedia_1709","Forbes_420","0.9857853793366488"
"DBPedia_973","Forbes_1112","1.0"
"DBPedia_560","Forbes_1744","0.9999999998221158"
"DBPedia_957","Forbes_1715","1.0"
"DBPedia_464","Forbes_8","0.9999999738528749"
"DBPedia_5028","Forbes_1360","0.9999999978053047"
"DBPedia_3325","Forbes_173","1.0"
"DBPedia_1590","Forbes_1454","1.0"
"DBPedia_1807","Forbes_195","0.9999999999991864"
"DBPedia_8707","Forbes_155","0.9999999999989023"
"DBPedia_5381","Forbes_1467","0.5369825149030332"
"DBPedia_1709","Forbes_976","0.9997966058316631"
"DBPedia_9288","Forbes_1191","0.9999980399045729"
"DBPedia_4630","Forbes_169","0.9996009077579102"
"DBPedia_8719","Forbes_976","0.9130291538341878"
"DBPedia_8204","Forbes_1769","0.9999999999999991"
"DBPedia_2881","Forbes_1212","1.0"
"DBPedia_5937","Forbes_1219","0.997460591971179"
"DBPedia_6859","Forbes_184","1.0"
"DBPedia_8460","Forbes_343","0.999988648769569"
"DBPedia_1365","Forbes_999","1.0"
"DBPedia_10100","Forbes_284","0.9929575378008787"
"DBPedia_10451","Forbes_748","0.9999996518727603"
"DBPedia_666","Forbes_619","1.0"
"DBPedia_6927","Forbes_1082","0.9999582116490927"
"DBPedia_6185","Forbes_1801","0.9999999999999976"
"DBPedia_5552","Forbes_1790","1.0"
"DBPedia_10158","Forbes_765","0.9999998141952755"
"DBPedia_6664","Forbes_1288","0.999741167332818"
"DBPedia_9739","Forbes_1517","0.999999999999999"
"DBPedia_5869","Forbes_1450","0.9999999999985362"
"DBPedia_9095","Forbes_434","1.0"
"DBPedia_4928","Forbes_437","1.0"
"DBPedia_1784","Forbes_1884","1.0"
"DBPedia_7392","Forbes_980","1.0"
"DBPedia_1822","Forbes_1446","0.8852740273910691"
"DBPedia_806","Forbes_152","0.9999957623365787"
"DBPedia_9227","Forbes_589","1.0"
"DBPedia_10101","Forbes_1968","0.9999916297833041"
"DBPedia_8523","Forbes_1522","0.9997089554340786"
"DBPedia_4031","Forbes_740","0.999999997257158"
"DBPedia_806","Forbes_597","1.0"
"DBPedia_4765","Forbes_253","0.9999967720562608"
"DBPedia_4909","Forbes_1639","0.999999997257158"
"DBPedia_2737","Forbes_1638","0.9966197279983888"
"DBPedia_2899","Forbes_1865","0.9997379394683863"
"DBPedia_1708","Forbes_1162","0.9999998090883253"
"DBPedia_10633","Forbes_302","0.4858304794485782"
"DBPedia_6913","Forbes_1303","0.39098083618863444"
"DBPedia_1603","Forbes_715","0.999999999999999"
"DBPedia_468","Forbes_1029","0.9999999999061229"
"DBPedia_3037","Forbes_1332","0.9916266507945868"
"DBPedia_3047","Forbes_854","0.9999950568937808"
"DBPedia_3030","Forbes_1239","0.9689794255041752"
"DBPedia_9370","Forbes_876","0.997462807523646"
"DBPedia_9605","Forbes_1279","1.0"
"DBPedia_2836","Forbes_1448","0.9999996518727603"
"DBPedia_566","Forbes_976","0.376487142832382"
"DBPedia_8716","Forbes_1602","0.9998894992167396"
"DBPedia_7833","Forbes_1502","0.6246120174680703"
"DBPedia_5366","Forbes_678","0.9999999999999993"
"DBPedia_662","Forbes_1206","0.9444636293262124"
"DBPedia_8953","Forbes_1235","0.999998567972338"
"DBPedia_4645","Forbes_1790","0.9262723958099749"
"DBPedia_6061","Forbes_308","0.9999440174505543"
"DBPedia_151","Forbes_1151","0.3808563690956164"
"DBPedia_5375","Forbes_349","1.0"
"DBPedia_4934","Forbes_806","0.9968611074260593"
"DBPedia_8893","Forbes_26","0.4362967321022271"
"DBPedia_1507","Forbes_1291","0.999989173481969"
"DBPedia_10224","Forbes_994","1.0"
"DBPedia_8473","Forbes_1395","0.9989294188196897"
"DBPedia_3514","Forbes_250","1.0"
"DBPedia_10386","Forbes_1521","0.9999999999658967"
"DBPedia_9937","Forbes_533","0.999999997257158"
"DBPedia_1569","Forbes_1664","0.3223989554607807"
"DBPedia_3342","Forbes_875","1.0"
"DBPedia_10013","Forbes_176","0.9903270315562924"
"DBPedia_1159","Forbes_473","0.999999499776183"
"DBPedia_10369","Forbes_1940","0.9999999927913004"
"DBPedia_2322","Forbes_1550","0.9960572253177055"
"DBPedia_2276","Forbes_263","0.444862559665372"
"DBPedia_6175","Forbes_553","0.999999999971412"
"DBPedia_6785","Forbes_1666","0.3657582289035885"
"DBPedia_7732","Forbes_227","1.0"
"DBPedia_38","Forbes_1054","0.9999999999999131"
"DBPedia_8079","Forbes_425","1.0"
"DBPedia_4570","Forbes_223","1.0"
"DBPedia_10513","Forbes_1064","0.9156468552690761"
"DBPedia_8628","Forbes_395","0.9999994302775391"
"DBPedia_4747","Forbes_133","0.31564326369522844"
"DBPedia_2412","Forbes_1054","0.3264105072817543"
"DBPedia_9143","Forbes_1409","0.9778805329284447"
"DBPedia_3587","Forbes_584","1.0"
"DBPedia_9273","Forbes_86","0.9999996476089773"
"DBPedia_3067","Forbes_723","0.9998373471131354"
"DBPedia_9752","Forbes_1529","1.0"
"DBPedia_9217","Forbes_395","0.6073001865410462"
"DBPedia_8151","Forbes_1239","0.9998932293081597"
"DBPedia_3922","Forbes_1176","0.9987787497002417"
"DBPedia_6570","Forbes_736","0.9999999964028929"
"DBPedia_2268","Forbes_565","0.9999999949185089"
"DBPedia_5499","Forbes_1440","0.9999989665110209"
"DBPedia_1603","Forbes_1018","0.9888597125784967"
"DBPedia_5142","Forbes_217","0.9999996518727603"
"DBPedia_3342","Forbes_1012","0.8075926974605442"
"DBPedia_20","Forbes_573","1.0"
"DBPedia_4572","Forbes_1869","0.9811386833764439"
"DBPedia_5556","Forbes_171","0.998334310937774"
"DBPedia_8722","Forbes_1296","0.9961055730165082"
"DBPedia_9539","Forbes_1736","0.9999999998975948"
"DBPedia_4396","Forbes_1100","1.0"
"DBPedia_4378","Forbes_367","1.0"
"DBPedia_4888","Forbes_159","0.9992938792823509"
"DBPedia_238","Forbes_1257","0.8031351270037288"
"DBPedia_5278","Forbes_1374","0.5697292069842134"
"DBPedia_5388","Forbes_265","0.9999996518727603"
"DBPedia_1353","Forbes_267","0.8321624557059223"
"DBPedia_3744","Forbes_942","0.9999552344752939"
"DBPedia_353","Forbes_1401","0.6634925017631832"
"DBPedia_860","Forbes_1534","0.6699429765478757"
"DBPedia_7886","Forbes_986","0.8914007613450482"
"DBPedia_2853","Forbes_301","0.9999999999999956"
"DBPedia_1695","Forbes_864","0.9999999999624728"
"DBPedia_7204","Forbes_12","1.0"
"DBPedia_8197","Forbes_780","0.5402060133209164"
"DBPedia_2682","Forbes_331","1.0"
"DBPedia_5556","Forbes_110","0.9979757873110198"
"DBPedia_3706","Forbes_1296","0.9999999999996907"
"DBPedia_8953","Forbes_1174","1.0"
"DBPedia_5484","Forbes_635","0.7636334915681038"
"DBPedia_8931","Forbes_620","0.9995702448251049"
"DBPedia_3328","Forbes_251","1.0"
"DBPedia_1355","Forbes_1872","1.0"
"DBPedia_5745","Forbes_1068","1.0"
"DBPedia_2625","Forbes_605","1.0"
"DBPedia_2276","Forbes_57","0.9998835924809951"
"DBPedia_4209","Forbes_1683","0.9999656547424572"
"DBPedia_8931","Forbes_1163","0.9999981224837763"
"DBPedia_4748","Forbes_545","0.999999997257158"
"DBPedia_8534","Forbes_1802","0.9999999999996502"
"DBPedia_4780","Forbes_413","0.9999999791424807"
"DBPedia_7902","Forbes_343","0.9999996518727603"
"DBPedia_7499","Forbes_1027","0.9999996518727603"
"DBPedia_4415","Forbes_920","0.8342243225201768"
"DBPedia_8722","Forbes_870","1.0"
"DBPedia_1597","Forbes_220","0.9999999613704684"
"DBPedia_1842","Forbes_1040","0.3808563690956164"
"DBPedia_10385","Forbes_1521","0.9999999999999825"
"DBPedia_8757","Forbes_502","0.9992938792823509"
"DBPedia_9327","Forbes_736","0.706525728645429"
"DBPedia_1515","Forbes_1814","0.4449277915135387"
"DBPedia_8329","Forbes_1896","0.9999979026224282"
"DBPedia_506","Forbes_1209","0.9999999395871295"
"DBPedia_9139","Forbes_384","1.0"
"DBPedia_10034","Forbes_1140","1.0"
"DBPedia_226","Forbes_111","1.0"
"DBPedia_8458","Forbes_833","0.8630212651013557"
"DBPedia_6140","Forbes_879","0.6463553518022946"
"DBPedia_5754","Forbes_715","0.695513332671031"
"DBPedia_7571","Forbes_792","0.999999997257158"
"DBPedia_5236","Forbes_447","0.9999999999821191"
"DBPedia_3314","Forbes_1273","0.9999121978020561"
"DBPedia_4129","Forbes_1815","0.9785019487536167"
"DBPedia_2540","Forbes_1447","0.9423752533388938"
"DBPedia_4630","Forbes_948","0.9991302293261234"
"DBPedia_3922","Forbes_1163","0.45645370606591984"
"DBPedia_8380","Forbes_588","0.9049030268126851"
"DBPedia_2275","Forbes_1046","1.0"
"DBPedia_9279","Forbes_328","0.9979341981567984"
"DBPedia_5747","Forbes_50","1.0"
"DBPedia_5965","Forbes_609","0.9999999980128843"
"DBPedia_7101","Forbes_235","1.0"
"DBPedia_3690","Forbes_405","0.5984234212674259"
"DBPedia_860","Forbes_1410","0.9999999999894186"
"DBPedia_1353","Forbes_486","1.0"
"DBPedia_9857","Forbes_276","1.0"
"DBPedia_5032","Forbes_592","0.9999996518727603"
"DBPedia_5397","Forbes_125","0.9919265383603594"
"DBPedia_10653","Forbes_1614","0.9999999978428961"
"DBPedia_5937","Forbes_1464","0.9999171688597824"
"DBPedia_1870","Forbes_893","0.9999999999783008"
"DBPedia_8945","Forbes_1467","0.5139863301065317"
"DBPedia_7545","Forbes_78","1.0"
"DBPedia_657","Forbes_5","0.8519998025532992"
"DBPedia_4604","Forbes_1936","1.0"
"DBPedia_7364","Forbes_85","1.0"
"DBPedia_2521","Forbes_1951","0.9999996518727603"
"DBPedia_4749","Forbes_23","1.0"
"DBPedia_5570","Forbes_267","0.3996333517226649"
"DBPedia_7587","Forbes_1033","0.8078995817817518"
"DBPedia_6385","Forbes_525","1.0"
"DBPedia_4387","Forbes_1023","0.9999999998379635"
"DBPedia_10101","Forbes_1787","0.43737777023930025"
"DBPedia_6570","Forbes_569","1.0"
"DBPedia_4921","Forbes_745","0.9936802738738129"
"DBPedia_3922","Forbes_620","0.5034955127617897"
"DBPedia_1369","Forbes_1685","0.999999999865576"
"DBPedia_3424","Forbes_216","0.9992938792823509"
"DBPedia_2276","Forbes_169","0.9998431760901707"
"DBPedia_10100","Forbes_948","0.9830932396736725"
"DBPedia_3614","Forbes_170","0.9994857348361355"
"DBPedia_3853","Forbes_295","0.9999982020682565"
"DBPedia_3706","Forbes_778","1.0"
"DBPedia_5790","Forbes_1217","0.41719947563324034"
"DBPedia_8931","Forbes_1176","0.9999805867723564"
"DBPedia_1361","Forbes_84","1.0"
"DBPedia_7361","Forbes_646","0.568436775721904"
"DBPedia_5370","Forbes_1857","1.0"
"DBPedia_896","Forbes_1170","0.9999999999985985"
"DBPedia_4104","Forbes_313","0.9975645985468091"
"DBPedia_7095","Forbes_556","1.0"
"DBPedia_1992","Forbes_368","0.9563270210957292"
"DBPedia_4934","Forbes_1883","0.9999618357860774"
"DBPedia_3734","Forbes_1942","0.4476091428120569"
"DBPedia_8030","Forbes_1327","0.9994111314427859"
"DBPedia_956","Forbes_1376","0.9999999699917351"
"DBPedia_2285","Forbes_1924","0.9999967720562608"
"DBPedia_8540","Forbes_188","1.0"
"DBPedia_9653","Forbes_1925","1.0"
"DBPedia_642","Forbes_15","1.0"
"DBPedia_5944","Forbes_1600","1.0"
"DBPedia_7366","Forbes_145","0.9999999974573844"
"DBPedia_9327","Forbes_569","0.999989340706676"
"DBPedia_4572","Forbes_1265","0.997770261671756"
"DBPedia_3714","Forbes_83","0.9999999999999998"
"DBPedia_672","Forbes_216","0.9366207340990574"
"DBPedia_3043","Forbes_476","0.8174301197462377"
"DBPedia_7947","Forbes_1914","0.994016269999913"
"DBPedia_7386","Forbes_1599","0.9999999996236033"
"DBPedia_8193","Forbes_1086","0.9999999999988003"
"DBPedia_3690","Forbes_303","0.9007636560770241"
"DBPedia_3334","Forbes_764","0.9999999973809751"
"DBPedia_653","Forbes_1866","0.9896720557603261"
"DBPedia_2412","Forbes_1966","0.9894403097302036"
"DBPedia_3509","Forbes_1298","0.9828998726757591"
"DBPedia_6391","Forbes_570","0.7286790276800403"
"DBPedia_9672","Forbes_987","1.0"
"DBPedia_8472","Forbes_1530","1.0"
"DBPedia_6408","Forbes_813","1.0"
"DBPedia_8714","Forbes_203","0.8341481541148447"
"DBPedia_7176","Forbes_287","0.4007159472906056"
"DBPedia_8633","Forbes_74","0.39464566474580415"
"DBPedia_10385","Forbes_778","0.9999999986828916"
"DBPedia_2679","Forbes_1106","0.9992717078563645"
"DBPedia_4927","Forbes_1353","0.9770665934532209"
"DBPedia_9189","Forbes_524","1.0"
"DBPedia_10274","Forbes_1666","0.9953476545209372"
"DBPedia_2270","Forbes_114","0.9999999999997395"
"DBPedia_5556","Forbes_111","0.999999999988158"
"DBPedia_7137","Forbes_1692","0.999999997257158"
"DBPedia_6407","Forbes_569","0.9999948766080327"
"DBPedia_458","Forbes_990","0.9995691285466362"
"DBPedia_8378","Forbes_131","0.9258355242921795"
"DBPedia_3734","Forbes_1230","0.9999999996099529"
"DBPedia_1395","Forbes_337","0.8607647873121596"
"DBPedia_8523","Forbes_714","1.0"
"DBPedia_8890","Forbes_1210","0.9999999999999999"
"DBPedia_1151","Forbes_1012","1.0"
"DBPedia_5375","Forbes_1133","0.9999867960536101"
"DBPedia_2480","Forbes_70","1.0"
"DBPedia_10119","Forbes_585","1.0"
"DBPedia_2694","Forbes_143","1.0"
"DBPedia_5200","Forbes_457","1.0"
"DBPedia_4630","Forbes_697","0.9397262947105167"
"DBPedia_5937","Forbes_1327","0.9999999797519452"
"DBPedia_4653","Forbes_949","0.9999999999169479"
"DBPedia_5","Forbes_328","1.0"
"DBPedia_10100","Forbes_697","0.9778846056026911"
"DBPedia_1801","Forbes_663","0.9999998793845565"
"DBPedia_1151","Forbes_875","0.9828884703238235"
"DBPedia_3455","Forbes_1035","0.7977380246373462"
"DBPedia_7551","Forbes_1325","0.9999986857332545"
"DBPedia_5072","Forbes_691","0.9999570018829405"
"DBPedia_10024","Forbes_1027","0.4874168189747736"
"DBPedia_660","Forbes_617","1.0"
"DBPedia_4382","Forbes_441","1.0"
"DBPedia_6407","Forbes_1467","0.9991226898962752"
"DBPedia_4572","Forbes_1590","0.8278340412727158"
"DBPedia_7108","Forbes_1485","1.0"
"DBPedia_3943","Forbes_608","0.9999996670301812"
"DBPedia_7883","Forbes_126","1.0"
"DBPedia_2289","Forbes_1270","0.999999998563896"
"DBPedia_5398","Forbes_249","1.0"
"DBPedia_4763","Forbes_1343","0.999999950008563"
"DBPedia_7730","Forbes_473","0.9851086952602399"
"DBPedia_153","Forbes_512","0.9994215212603669"
"DBPedia_10177","Forbes_1523","0.7734730116237142"
"DBPedia_6934","Forbes_894","0.9999999999901139"
"DBPedia_10119","Forbes_920","0.9999999999840807"
"DBPedia_7552","Forbes_1787","0.99999999689905"
"DBPedia_9368","Forbes_1790","0.9975008289878052"
"DBPedia_5236","Forbes_838","0.8715545596512834"
"DBPedia_1603","Forbes_1383","0.9999461532874325"
"DBPedia_3513","Forbes_111","0.8279288761096245"
"DBPedia_5937","Forbes_597","0.9166137214875905"
"DBPedia_644","Forbes_4","1.0"
"DBPedia_3569","Forbes_1787","0.9702696052688665"
"DBPedia_248","Forbes_1951","0.6903505653041783"
"DBPedia_6224","Forbes_147","0.49422007763711506"
"DBPedia_10386","Forbes_778","0.999999663826641"
"DBPedia_2290","Forbes_1928","0.5340864629965666"
"DBPedia_9123","Forbes_1993","0.9930280015970369"
"DBPedia_10590","Forbes_287","0.9999999999999908"
"DBPedia_3270","Forbes_1910","0.9914090033866885"
"DBPedia_7658","Forbes_1951","0.9262723958099749"
"DBPedia_7759","Forbes_908","0.9998496445948244"
"DBPedia_427","Forbes_1643","1.0"
"DBPedia_2687","Forbes_1396","0.3310166670301384"
"DBPedia_5376","Forbes_133","0.9999999811995092"
"DBPedia_4557","Forbes_1536","0.9999999995332672"
"DBPedia_8714","Forbes_35","0.9999999999999998"
"DBPedia_2281","Forbes_100","1.0"
"DBPedia_6733","Forbes_538","0.9999996518727603"
"DBPedia_1581","Forbes_1422","0.9993588213164205"
"DBPedia_4570","Forbes_278","0.9800065442047206"
"DBPedia_9031","Forbes_1689","1.0"
"DBPedia_3769","Forbes_1860","0.928882482556641"
"DBPedia_10529","Forbes_1787","0.9785019487536167"
"DBPedia_3349","Forbes_534","1.0"
"DBPedia_8380","Forbes_927","0.9999999999999976"
"DBPedia_7558","Forbes_709","1.0"
"DBPedia_925","Forbes_1937","0.977948542338141"
"DBPedia_10038","Forbes_1735","0.9999999999999986"
"DBPedia_7730","Forbes_681","0.9998647837067814"
"DBPedia_5974","Forbes_1431","0.9999999999999977"
"DBPedia_7361","Forbes_320","1.0"
"DBPedia_6253","Forbes_1816","0.8857020268567032"
"DBPedia_10386","Forbes_1296","1.0"
"DBPedia_8932","Forbes_1954","0.912773395239866"
"DBPedia_2276","Forbes_99","0.9999997742726069"
"DBPedia_6264","Forbes_828","0.9999999988446276"
"DBPedia_1362","Forbes_1511","0.9999999858808482"
"DBPedia_6407","Forbes_736","0.9999997502761919"
"DBPedia_5904","Forbes_76","1.0"
"DBPedia_672","Forbes_492","1.0"
"DBPedia_9617","Forbes_602","1.0"
"DBPedia_6403","Forbes_1503","0.999995960861801"
"DBPedia_10119","Forbes_1166","0.936475334581198"
"DBPedia_354","Forbes_1288","0.8120675686149014"
"DBPedia_2268","Forbes_808","0.625800924349887"
"DBPedia_10513","Forbes_1464","0.9999963399338314"
"DBPedia_9875","Forbes_1700","0.7636334915681038"
"DBPedia_9122","Forbes_757","1.0"
"DBPedia_1423","Forbes_628","0.9939092697729618"
"DBPedia_2119","Forbes_345","0.9999996518727603"
"DBPedia_231","Forbes_1951","0.8880704735672922"
"DBPedia_9999","Forbes_166","0.9935327627306652"
"DBPedia_906","Forbes_1660","0.9999999613288594"
"DBPedia_9315","Forbes_635","0.7636334915681038"
"DBPedia_10154","Forbes_850","0.9987367136449287"
"DBPedia_5376","Forbes_253","1.0"
"DBPedia_968","Forbes_183","1.0"
"DBPedia_7953","Forbes_1691","1.0"
"DBPedia_4668","Forbes_129","0.4362967321022271"
"DBPedia_458","Forbes_1068","0.9974544255890548"
"DBPedia_8032","Forbes_1415","1.0"
"DBPedia_5397","Forbes_1503","0.9946275841827744"
"DBPedia_10434","Forbes_1960","0.9999999205862597"
"DBPedia_2994","Forbes_553","0.9997843161534167"
"DBPedia_806","Forbes_555","0.9999974131149607"
"DBPedia_742","Forbes_861","0.9979341981567984"
"DBPedia_808","Forbes_1039","0.9931926514617447"
"DBPedia_5555","Forbes_395","0.9999999999999369"
"DBPedia_226","Forbes_171","0.9999999551488238"
"DBPedia_2872","Forbes_1757","1.0"
"DBPedia_672","Forbes_355","0.8390977187094286"
"DBPedia_7382","Forbes_1172","1.0"
"DBPedia_17","Forbes_509","1.0"
"DBPedia_1160","Forbes_1926","0.9999999999999459"
"DBPedia_6751","Forbes_1184","1.0"
"DBPedia_8722","Forbes_1521","0.9997530949269084"
"DBPedia_6130","Forbes_307","1.0"
"DBPedia_9583","Forbes_1230","0.9998542850513081"
"DBPedia_8465","Forbes_681","0.9099240305325886"
"DBPedia_5250","Forbes_1507","0.9999996518727603"
"DBPedia_5010","Forbes_1116","0.9999999988446276"
"DBPedia_1710","Forbes_436","0.9182780152622806"
"DBPedia_7903","Forbes_1866","0.9999984322778916"
"DBPedia_10122","Forbes_1802","1.0"
"DBPedia_3344","Forbes_1121","1.0"
"DBPedia_9277","Forbes_299","0.9995569895668067"
"DBPedia_8862","Forbes_1670","0.9720603700622158"
"DBPedia_4590","Forbes_544","0.7782798152778828"
"DBPedia_1581","Forbes_438","0.9999609999434285"
"DBPedia_6785","Forbes_1671","0.8941442417090896"
"DBPedia_1565","Forbes_1661","0.7416735317688229"
"DBPedia_1587","Forbes_908","0.9995589525348922"
"DBPedia_9391","Forbes_1101","0.9999999999863921"
"DBPedia_18","Forbes_599","1.0"
"DBPedia_4934","Forbes_1235","0.9990999067780255"
"DBPedia_3706","Forbes_1521","0.9998788309880179"
"DBPedia_10386","Forbes_870","0.9996603067159266"
"DBPedia_6385","Forbes_242","0.82161513648199"
"DBPedia_979","Forbes_1574","0.999999999942968"
"DBPedia_8178","Forbes_219","0.9999996518727603"
"DBPedia_2878","Forbes_931","1.0"
"DBPedia_8083","Forbes_449","1.0"
"DBPedia_7731","Forbes_1916","0.9999670118514477"
"DBPedia_10086","Forbes_628","1.0"
"DBPedia_353","Forbes_1257","0.44687852811018375"
"DBPedia_4588","Forbes_977","0.8838257402235997"
"DBPedia_9457","Forbes_1540","0.9999996518727603"
"DBPedia_10108","Forbes_1685","0.999997452353435"
"DBPedia_8744","Forbes_560","0.9863521257261938"
"DBPedia_265","Forbes_1231","0.7517653966096058"
"DBPedia_2295","Forbes_1166","1.0"
"DBPedia_10385","Forbes_1296","0.9999978202313081"
"DBPedia_950","Forbes_209","1.0"
"DBPedia_2250","Forbes_465","0.9999979026224282"
"DBPedia_4606","Forbes_399","0.9998936969486323"
"DBPedia_7551","Forbes_959","1.0"
"DBPedia_7587","Forbes_838","0.9999571723229288"
"DBPedia_3510","Forbes_1048","0.4645558756085403"
"DBPedia_7221","Forbes_1239","0.9999999999999998"
"DBPedia_8088","Forbes_548","0.9999930346186453"
"DBPedia_6409","Forbes_585","0.9994188454277775"
"DBPedia_1352","Forbes_1375","0.9999999999999996"
"DBPedia_9189","Forbes_1654","0.9999999999982204"
"DBPedia_7954","Forbes_590","1.0"
"DBPedia_5917","Forbes_1364","1.0"
"DBPedia_5751","Forbes_29","1.0"
"DBPedia_1709","Forbes_1051","0.9999883897114309"
"DBPedia_3727","Forbes_718","0.9304065759957665"
"DBPedia_2196","Forbes_1376","0.7311622472628359"
"DBPedia_6954","Forbes_462","0.8853748134358289"
"DBPedia_10154","Forbes_1912","1.0"
"DBPedia_3329","Forbes_99","0.9999995525787395"
"DBPedia_3740","Forbes_269","0.9654032915717663"
"DBPedia_8340","Forbes_1741","0.9999997988559209"
"DBPedia_3187","Forbes_1449","0.8827808705163085"
"DBPedia_645","Forbes_622","0.9999999996189344"
"DBPedia_2285","Forbes_998","0.31873597436807655"
"DBPedia_8719","Forbes_1051","0.9999999999937972"
"DBPedia_8804","Forbes_1942","0.9157250015610486"
"DBPedia_808","Forbes_784","0.9603152080404304"
"DBPedia_969","Forbes_281","1.0"
"DBPedia_10331","Forbes_718","1.0"
"DBPedia_8202","Forbes_878","0.9999999999934317"
"DBPedia_4763","Forbes_1106","0.9999924903403504"
"DBPedia_6860","Forbes_1330","0.928882482556641"
"DBPedia_7666","Forbes_585","0.996596833695427"
"DBPedia_3510","Forbes_1488","1.0"
"DBPedia_5358","Forbes_1","1.0"
"DBPedia_3717","Forbes_1230","0.39081313073258894"
"DBPedia_2276","Forbes_760","0.9999999205298126"
"DBPedia_648","Forbes_482","0.9999996518727603"
"DBPedia_5962","Forbes_1226","0.4250842358018716"
"DBPedia_1785","Forbes_315","0.9999999999928056"
"DBPedia_8378","Forbes_486","0.8617636882287508"
"DBPedia_7552","Forbes_1968","0.9420476203448771"
"DBPedia_2572","Forbes_636","0.9999999273276181"
"DBPedia_1709","Forbes_528","0.9496770611546599"
"DBPedia_6683","Forbes_1147","0.9999597262796852"
"DBPedia_5754","Forbes_1383","1.0"
"DBPedia_3569","Forbes_1968","0.6552668473394019"
"DBPedia_2874","Forbes_31","0.99999999947115"
"DBPedia_3734","Forbes_908","0.9999000637888887"
"DBPedia_2353","Forbes_1660","0.9979341981567984"
"DBPedia_2779","Forbes_1800","0.999999997257158"
"DBPedia_24","Forbes_422","0.4788976986062937"
"DBPedia_5624","Forbes_1432","0.9999982295828332"
"DBPedia_6683","Forbes_1796","0.9999999999722016"
"DBPedia_5623","Forbes_955","0.9999999982513543"
"DBPedia_7829","Forbes_1229","0.9999999999783008"
"DBPedia_1348","Forbes_838","0.8342004069747937"
"DBPedia_6409","Forbes_920","0.9955785211619798"
"DBPedia_1387","Forbes_1935","0.9748362628466548"
"DBPedia_3702","Forbes_1927","0.9999999997198018"
"DBPedia_10015","Forbes_965","0.9999999999999971"
"DBPedia_2055","Forbes_360","1.0"
"DBPedia_2668","Forbes_526","0.9999974802640004"
"DBPedia_10108","Forbes_1951","0.9996664551773062"
"DBPedia_566","Forbes_1051","0.9999997772377873"
"DBPedia_1562","Forbes_42","1.0"
"DBPedia_1159","Forbes_139","0.9999556109328406"
"DBPedia_4184","Forbes_1356","0.9999999999999997"
"DBPedia_3455","Forbes_512","0.8923830313147816"
"DBPedia_9323","Forbes_458","0.5139160259618739"
"DBPedia_4362","Forbes_941","0.8761109882979029"
"DBPedia_5984","Forbes_1824","0.845105819831609"
"DBPedia_9618","Forbes_963","1.0"
"DBPedia_9825","Forbes_1865","0.6091756744761156"
"DBPedia_2563","Forbes_1403","0.9999996518727603"
"DBPedia_4921","Forbes_893","0.8632922671846792"
"DBPedia_458","Forbes_1175","1.0"
"DBPedia_3704","Forbes_1422","0.9999999216328149"
"DBPedia_2394","Forbes_322","0.9999999733547138"
"DBPedia_7902","Forbes_593","0.9935327627306652"
"DBPedia_459","Forbes_1775","1.0"
"DBPedia_7284","Forbes_382","0.9999999999927031"
"DBPedia_808","Forbes_982","0.45304125624066044"
"DBPedia_6761","Forbes_300","0.9999999559636618"
"DBPedia_10068","Forbes_1535","0.9999999999999973"
"DBPedia_4395","Forbes_1968","0.8567620617452625"
"DBPedia_7666","Forbes_920","0.9999693257705836"
"DBPedia_566","Forbes_528","0.9706281604732845"
"DBPedia_4396","Forbes_492","0.8597322334607868"
"DBPedia_7905","Forbes_1917","0.9999999999996748"
"DBPedia_4934","Forbes_1174","0.9999999988172161"
"DBPedia_2698","Forbes_560","0.9932236754639664"
"DBPedia_4606","Forbes_1298","0.9999999988741857"
"DBPedia_9748","Forbes_329","1.0"
"DBPedia_8717","Forbes_790","1.0"
"DBPedia_42","Forbes_481","0.9999999999934106"
"DBPedia_5299","Forbes_1257","0.4856418787274226"
"DBPedia_3309","Forbes_1023","0.918735217249594"
"DBPedia_3139","Forbes_247","1.0"
"DBPedia_6758","Forbes_990","0.8788219441765005"
"DBPedia_10673","Forbes_261","1.0"
"DBPedia_5745","Forbes_1916","0.9999675663921792"
"DBPedia_10026","Forbes_1909","0.693712773086733"
"DBPedia_995","Forbes_430","0.9999999999995273"
"DBPedia_5937","Forbes_1360","0.9999999999999982"
"DBPedia_1298","Forbes_1126","0.9999720302852015"
"DBPedia_2341","Forbes_431","0.9999999999998291"
"DBPedia_10192","Forbes_1796","0.7712427164895694"
"DBPedia_8360","Forbes_1457","0.9999979026224282"
"DBPedia_6409","Forbes_1166","1.0"
"DBPedia_8688","Forbes_785","1.0"
"DBPedia_1841","Forbes_1478","0.3832144101124216"
"DBPedia_969","Forbes_304","0.9902801382339117"
"DBPedia_5671","Forbes_1010","0.9999999999783008"
"DBPedia_1613","Forbes_502","0.9999999982752051"
"DBPedia_5787","Forbes_908","0.9957804166783569"
"DBPedia_2866","Forbes_1014","0.9999996518727603"
"DBPedia_4104","Forbes_565","0.7883081876407574"
"DBPedia_2735","Forbes_1701","1.0"
"DBPedia_9353","Forbes_395","0.9997918016046311"
"DBPedia_1344","Forbes_948","0.8209492814831632"
"DBPedia_5083","Forbes_246","0.7736763325701677"
"DBPedia_2087","Forbes_1577","0.9715304974608423"
"DBPedia_4749","Forbes_158","0.4902652990569492"
"DBPedia_6391","Forbes_1467","0.9892938705813674"
"DBPedia_2093","Forbes_1007","0.999999997257158"
"DBPedia_6008","Forbes_1865","0.9999999481555986"
"DBPedia_3315","Forbes_458","0.502147856893711"
"DBPedia_5581","Forbes_857","0.9652072721323661"
"DBPedia_5557","Forbes_69","1.0"
"DBPedia_1340","Forbes_548","0.48930416329932486"
"DBPedia_10108","Forbes_713","1.0"
"DBPedia_5948","Forbes_1074","0.8093049341302392"
"DBPedia_6570","Forbes_570","0.9879500394876589"
"DBPedia_9250","Forbes_322","0.9999999942708724"
"DBPedia_6131","Forbes_283","0.3728325095965391"
"DBPedia_7002","Forbes_1327","0.9262723958099749"
"DBPedia_3315","Forbes_128","0.998867387871733"
"DBPedia_6622","Forbes_374","0.4747298648539693"
"DBPedia_9138","Forbes_907","1.0"
"DBPedia_2699","Forbes_1497","1.0"
"DBPedia_9083","Forbes_1574","0.9999999999999866"
"DBPedia_9830","Forbes_1244","0.9999998557002424"
"DBPedia_6932","Forbes_1894","1.0"
"DBPedia_4746","Forbes_1465","1.0"
"DBPedia_7380","Forbes_86","1.0"
"DBPedia_7112","Forbes_992","0.999999999998957"
"DBPedia_9334","Forbes_1025","1.0"
"DBPedia_1345","Forbes_648","1.0"
"DBPedia_8953","Forbes_886","0.9999999867294528"
"DBPedia_9189","Forbes_422","0.8397919812403983"
"DBPedia_6384","Forbes_1395","0.9999999739533815"
"DBPedia_5379","Forbes_1023","0.9949231574616888"
"DBPedia_3704","Forbes_438","1.0"
"DBPedia_8715","Forbes_90","1.0"
"DBPedia_4925","Forbes_1200","1.0"
"DBPedia_3102","Forbes_426","0.9218332598283902"
"DBPedia_3455","Forbes_114","0.9999993566887715"
"DBPedia_2860","Forbes_491","0.999999691336844"
"DBPedia_8545","Forbes_339","0.9999999988238372"
"DBPedia_10025","Forbes_1920","0.8899155214778389"
"DBPedia_226","Forbes_144","0.9999999999997162"
"DBPedia_9583","Forbes_908","0.9999999987401479"
"DBPedia_10633","Forbes_505","0.9999999904983526"
"DBPedia_2704","Forbes_1976","0.9998490171918523"
"DBPedia_2679","Forbes_669","1.0"
"DBPedia_5984","Forbes_1117","0.9999774207540875"
"DBPedia_2707","Forbes_522","1.0"
"DBPedia_2288","Forbes_1023","0.9999999993037703"
"DBPedia_1587","Forbes_1230","1.0"
"DBPedia_3723","Forbes_1154","0.999999997257158"
"DBPedia_10146","Forbes_1935","0.9999982911963121"
"DBPedia_8953","Forbes_1883","0.9989230506064004"
"DBPedia_2270","Forbes_1035","0.9994200248454472"
"DBPedia_10653","Forbes_482","0.9999889864135811"
"DBPedia_6570","Forbes_458","0.951185778352089"
"DBPedia_4559","Forbes_1510","0.9979341981567984"
"DBPedia_10192","Forbes_1147","0.9999999970751328"
"DBPedia_1946","Forbes_1557","0.999999998788266"
"DBPedia_9335","Forbes_1025","0.9999975351891195"
"DBPedia_4730","Forbes_1125","0.9999996518727603"
"DBPedia_9113","Forbes_1408","0.9999966187995644"
"DBPedia_956","Forbes_1373","1.0"
"DBPedia_5787","Forbes_535","1.0"
"DBPedia_10385","Forbes_942","1.0"
"DBPedia_3699","Forbes_779","1.0"
"DBPedia_3309","Forbes_1503","0.8895395005385656"
"DBPedia_5555","Forbes_263","0.9997749472240776"
"DBPedia_7756","Forbes_1232","0.9753011995213219"
"DBPedia_9327","Forbes_920","0.9999955339631239"
"DBPedia_6940","Forbes_1048","0.7934064256487742"
"DBPedia_36","Forbes_742","1.0"
"DBPedia_5579","Forbes_324","1.0"
"DBPedia_10331","Forbes_800","0.9980593485202445"
"DBPedia_2048","Forbes_793","0.9999996518727603"
"DBPedia_7556","Forbes_657","1.0"
"DBPedia_9498","Forbes_411","1.0"
"DBPedia_4900","Forbes_1087","0.9999979939418586"
"DBPedia_10027","Forbes_1842","0.9999996518727603"
"DBPedia_2687","Forbes_1363","1.0"
"DBPedia_5371","Forbes_1035","0.9990759202872654"
"DBPedia_3936","Forbes_1625","0.7058181640656168"
"DBPedia_5376","Forbes_528","0.9999945808445477"
"DBPedia_6570","Forbes_585","0.9999999999998448"
"DBPedia_3727","Forbes_800","0.9999971703442169"
"DBPedia_3144","Forbes_1610","0.9999999999998719"
"DBPedia_955","Forbes_51","1.0"
"DBPedia_8986","Forbes_1534","0.9994560877128587"
"DBPedia_958","Forbes_41","0.9999999999857649"
"DBPedia_4405","Forbes_1285","1.0"
"DBPedia_7271","Forbes_639","0.999999998221434"
"DBPedia_7485","Forbes_1966","0.9999966280279572"
"DBPedia_4791","Forbes_101","0.9999999999997512"
"DBPedia_9808","Forbes_136","1.0"
"DBPedia_250","Forbes_1685","0.9993696272047506"
"DBPedia_1569","Forbes_1106","0.9142735401992559"
"DBPedia_7677","Forbes_898","0.9999996518727603"
"DBPedia_3744","Forbes_1521","0.5241405680841745"
"DBPedia_1359","Forbes_1766","1.0"
"DBPedia_4294","Forbes_833","0.9999952257743471"
"DBPedia_6943","Forbes_986","0.9999999999999992"
"DBPedia_5376","Forbes_1051","0.9999633850016798"
"DBPedia_3183","Forbes_826","0.9993310512401019"
"DBPedia_7395","Forbes_1476","0.8220612544326864"
"DBPedia_2483","Forbes_1995","0.9994428304753399"
"DBPedia_8628","Forbes_99","0.5473988214328496"
"DBPedia_7311","Forbes_1728","0.9999827664830989"
"DBPedia_235","Forbes_1344","0.999751737639809"
"DBPedia_5910","Forbes_720","0.9999950370416858"
"DBPedia_8375","Forbes_1943","0.4250842358018716"
"DBPedia_6728","Forbes_537","1.0"
"DBPedia_8460","Forbes_492","0.9504665559673349"
"DBPedia_6742","Forbes_341","1.0"
"DBPedia_9681","Forbes_620","0.9999999999923888"
"DBPedia_3933","Forbes_332","0.9999996518727603"
"DBPedia_9327","Forbes_585","0.9999999925892765"
"DBPedia_27","Forbes_882","1.0"
"DBPedia_7397","Forbes_1708","0.9921058665406008"
"DBPedia_8088","Forbes_612","1.0"
"DBPedia_851","Forbes_318","1.0"
"DBPedia_1198","Forbes_1254","0.9999999999976271"
"DBPedia_2477","Forbes_423","0.9999890593993078"
"DBPedia_3822","Forbes_1122","0.9359711407577772"
"DBPedia_1351","Forbes_204","0.9999996518727603"
"DBPedia_6570","Forbes_920","0.9999999999999966"
"DBPedia_146","Forbes_1412","0.9999999988446276"
"DBPedia_6241","Forbes_442","1.0"
"DBPedia_1355","Forbes_1622","0.9999997116494219"
"DBPedia_3927","Forbes_1135","0.999999999739838"
"DBPedia_10386","Forbes_942","0.9999974623166895"
"DBPedia_3547","Forbes_750","1.0"
"DBPedia_3145","Forbes_1293","0.9886182540753492"
"DBPedia_10274","Forbes_1068","0.9999605801168636"
"DBPedia_9583","Forbes_535","0.9988137103795229"
"DBPedia_4934","Forbes_1360","0.9999888613143159"
"DBPedia_6796","Forbes_1732","0.9999999949605052"
"DBPedia_6933","Forbes_1226","0.9999999999999964"
"DBPedia_1157","Forbes_1046","0.9999968912563522"
"DBPedia_6933","Forbes_1980","0.9999999999873158"
"DBPedia_1779","Forbes_24","0.9999999999982845"
"DBPedia_4770","Forbes_1309","1.0"
"DBPedia_672","Forbes_593","0.9999999989863373"
"DBPedia_8633","Forbes_1110","0.984484997491728"
"DBPedia_2690","Forbes_1175","0.9999990447705929"
"DBPedia_6746","Forbes_843","1.0"
"DBPedia_8460","Forbes_355","0.9999999999699828"
"DBPedia_4203","Forbes_291","1.0"
"DBPedia_2698","Forbes_1435","0.9999942103857339"
"DBPedia_9748","Forbes_723","0.9999995050916897"
"DBPedia_10475","Forbes_304","0.9999995661410856"
"DBPedia_5937","Forbes_1174","0.9999999866509981"
"DBPedia_1134","Forbes_581","0.9999996518727603"
"DBPedia_6588","Forbes_576","1.0"
"DBPedia_7759","Forbes_1232","0.9999999819379773"
"DBPedia_7666","Forbes_570","0.9987779917517178"
"DBPedia_1776","Forbes_1777","0.9999999999966523"
"DBPedia_6487","Forbes_795","0.9783256506415982"
"DBPedia_9840","Forbes_667","0.9999996518727603"
"DBPedia_3380","Forbes_1395","0.8059364246902095"
"DBPedia_6465","Forbes_688","0.9999351451318722"
"DBPedia_806","Forbes_886","0.9166137214875905"
"DBPedia_5939","Forbes_462","1.0"
"DBPedia_242","Forbes_1935","0.9375589891066985"
"DBPedia_2473","Forbes_1344","0.9999999991887166"
"DBPedia_5555","Forbes_284","0.9999999985126383"
"DBPedia_8033","Forbes_915","0.9999999999989023"
"DBPedia_6570","Forbes_1166","0.4940975101416304"
"DBPedia_2288","Forbes_1503","0.9999998514823595"
"DBPedia_1255","Forbes_1803","0.9995987531887701"
"DBPedia_9246","Forbes_1660","0.999927089582624"
"DBPedia_9215","Forbes_1596","0.7022913208802394"
"DBPedia_8052","Forbes_403","1.0"
"DBPedia_2543","Forbes_1755","0.9999944326831413"
"DBPedia_8867","Forbes_617","0.9994449738007877"
"DBPedia_1991","Forbes_446","1.0"
"DBPedia_6503","Forbes_1317","0.9861287163615089"
"DBPedia_3734","Forbes_535","0.9961374228786033"
"DBPedia_6407","Forbes_1273","0.9999651211533365"
"DBPedia_5790","Forbes_1800","0.9999999994414389"
"DBPedia_5587","Forbes_848","0.6341073758883783"
"DBPedia_5555","Forbes_169","1.0"
"DBPedia_6133","Forbes_1266","0.9999999999974295"
"DBPedia_5379","Forbes_1503","0.9999223607456876"
"DBPedia_8692","Forbes_203","0.9999999999996205"
"DBPedia_1918","Forbes_1327","0.9999675136747492"
"DBPedia_1344","Forbes_973","0.4729375040657747"
"DBPedia_2624","Forbes_1166","0.4478081134166956"
"DBPedia_7207","Forbes_1865","0.8611612686839292"
"DBPedia_5584","Forbes_88","1.0"
"DBPedia_1356","Forbes_698","1.0"
"DBPedia_6934","Forbes_1226","0.9999999484971429"
"DBPedia_6934","Forbes_1980","0.999500130011499"
"DBPedia_5587","Forbes_1928","0.783994556900849"
"DBPedia_9353","Forbes_948","0.9851598221824786"
"DBPedia_3781","Forbes_1525","0.8350283776784699"
"DBPedia_1581","Forbes_377","0.9999997735237014"
"DBPedia_8986","Forbes_1410","0.9880438025788643"
"DBPedia_9327","Forbes_1166","0.9999204457323886"
"DBPedia_3455","Forbes_128","0.9999999993314914"
"DBPedia_9369","Forbes_385","0.9999979026224282"
"DBPedia_3931","Forbes_338","1.0"
"DBPedia_433","Forbes_817","0.9981676517007846"
"DBPedia_9631","Forbes_640","0.9999997015754973"
"DBPedia_9323","Forbes_512","0.9563983232005231"
"DBPedia_7093","Forbes_283","0.9999979026224282"
"DBPedia_6572","Forbes_1401","0.9988616680710342"
"DBPedia_5051","Forbes_1944","0.9981847068226506"
"DBPedia_6757","Forbes_1725","0.9999988391029748"
"DBPedia_5371","Forbes_1395","0.9999949164585641"
"DBPedia_5114","Forbes_1160","0.9999999993171692"
"DBPedia_2327","Forbes_263","0.9262723958099749"
"DBPedia_10108","Forbes_405","0.9999920950988469"
"DBPedia_467","Forbes_516","1.0"
"DBPedia_247","Forbes_722","1.0"
"DBPedia_9511","Forbes_113","1.0"
"DBPedia_4218","Forbes_1865","0.9987482264838496"
"DBPedia_7576","Forbes_921","0.9981847068226506"
"DBPedia_3538","Forbes_363","1.0"
"DBPedia_471","Forbes_371","0.9999996518727603"
"DBPedia_4686","Forbes_352","1.0"
"DBPedia_2801","Forbes_1668","0.9999999507333218"
"DBPedia_8633","Forbes_628","0.49769229219689615"
"DBPedia_4747","Forbes_420","0.9999999187263342"
"DBPedia_8631","Forbes_1706","0.9999999999999809"
"DBPedia_5050","Forbes_480","0.9999999999999786"
"DBPedia_953","Forbes_520","0.99999998347505"
"DBPedia_1357","Forbes_36","0.9999999864874087"
"DBPedia_514","Forbes_331","0.9982373979079978"
"DBPedia_7755","Forbes_228","1.0"
"DBPedia_4060","Forbes_305","0.999741167332818"
"DBPedia_3936","Forbes_540","0.3476028611406815"
"DBPedia_2704","Forbes_1521","0.9951520966373596"
"DBPedia_5110","Forbes_839","1.0"
"DBPedia_3690","Forbes_1161","0.9241712623709925"
"DBPedia_7194","Forbes_631","1.0"
"DBPedia_1203","Forbes_936","0.999999978804923"
"DBPedia_2703","Forbes_1076","1.0"
"DBPedia_4403","Forbes_601","1.0"
"DBPedia_2690","Forbes_990","0.999999996139502"
"DBPedia_10177","Forbes_1912","0.9954003420118448"
"DBPedia_445","Forbes_660","0.6514375033102593"
"DBPedia_643","Forbes_1628","0.9837971375340503"
"DBPedia_1497","Forbes_1912","1.0"
"DBPedia_6631","Forbes_1263","0.99999998347505"
"DBPedia_8690","Forbes_583","1.0"
"DBPedia_3936","Forbes_1032","1.0"
"DBPedia_1577","Forbes_800","0.9999910226247913"
"DBPedia_1195","Forbes_736","0.35031929584887134"
"DBPedia_566","Forbes_133","0.9598618179858065"
"DBPedia_223","Forbes_454","0.9999999973765811"
"DBPedia_1918","Forbes_1360","0.3033118222002325"
"DBPedia_3740","Forbes_1916","0.9898449522472584"
"DBPedia_1340","Forbes_612","0.9999585712257493"
"DBPedia_1159","Forbes_422","0.40789891681304924"
"DBPedia_2270","Forbes_128","1.0"
"DBPedia_9974","Forbes_1128","0.9999999988446276"
"DBPedia_10192","Forbes_423","1.0"
"DBPedia_2873","Forbes_1757","0.9959976498509838"
"DBPedia_651","Forbes_691","1.0"
"DBPedia_1655","Forbes_1422","0.478330459325641"
"DBPedia_5937","Forbes_1235","0.9999999719982839"
"DBPedia_2708","Forbes_1671","0.999999426244306"
"DBPedia_2892","Forbes_1793","0.9999999980967357"
"DBPedia_9353","Forbes_263","1.0"
"DBPedia_10291","Forbes_737","1.0"
"DBPedia_2369","Forbes_976","0.7636334915681038"
"DBPedia_8549","Forbes_58","0.9999999868784153"
"DBPedia_4343","Forbes_74","1.0"
"DBPedia_2801","Forbes_1987","0.9999999999999997"
"DBPedia_9861","Forbes_1993","0.9999947427948703"
"DBPedia_3936","Forbes_1130","0.9613320337541005"
"DBPedia_2659","Forbes_1241","0.9999979026224282"
"DBPedia_6564","Forbes_1102","0.9999999999999881"
"DBPedia_5209","Forbes_1267","1.0"
"DBPedia_495","Forbes_1878","0.8948062000414"
"DBPedia_5910","Forbes_1446","0.36621195725386946"
"DBPedia_3584","Forbes_1787","0.9999410980054596"
"DBPedia_10437","Forbes_1415","0.9999996518727603"
"DBPedia_4120","Forbes_1787","0.33781770522927373"
"DBPedia_2863","Forbes_1074","0.9992938792823509"
"DBPedia_6391","Forbes_1273","0.9971113454292664"
"DBPedia_1709","Forbes_133","0.7064927036816342"
"DBPedia_9213","Forbes_1607","1.0"
"DBPedia_9861","Forbes_611","0.9999999999999627"
"DBPedia_10266","Forbes_1300","1.0"
"DBPedia_3315","Forbes_1035","0.6486428650257002"
"DBPedia_6096","Forbes_1219","0.9935327627306652"
"DBPedia_1149","Forbes_478","1.0"
"DBPedia_2800","Forbes_946","0.999999999999898"
"DBPedia_2675","Forbes_1337","0.9999996518727603"
"DBPedia_2840","Forbes_1545","0.9993541259616591"
"DBPedia_238","Forbes_1110","1.0"
"DBPedia_4123","Forbes_1228","0.9999999999998657"
"DBPedia_4902","Forbes_739","0.9999979939418586"
"DBPedia_999","Forbes_1073","0.9999999999995434"
"DBPedia_4387","Forbes_1682","0.998298274167346"
"DBPedia_8953","Forbes_1219","0.8784989880052453"
"DBPedia_3556","Forbes_932","0.9999996518727603"
"DBPedia_8330","Forbes_65","1.0"
"DBPedia_2677","Forbes_1069","1.0"
"DBPedia_2302","Forbes_1341","0.9999999999250111"
"DBPedia_1577","Forbes_1169","1.0"
"DBPedia_2951","Forbes_1187","0.5697292069842134"
"DBPedia_8478","Forbes_1505","0.999741167332818"
"DBPedia_7255","Forbes_1366","0.9826517720530701"
"DBPedia_434","Forbes_702","0.9999999999999999"
"DBPedia_9832","Forbes_1510","0.9773145699199156"
"DBPedia_3513","Forbes_605","0.9999999998751805"
"DBPedia_9263","Forbes_1090","1.0"
"DBPedia_42","Forbes_501","0.9976277171819061"
"DBPedia_5115","Forbes_1485","0.711702323799868"
"DBPedia_450","Forbes_122","1.0"
"DBPedia_5479","Forbes_794","0.9999999551425758"
"DBPedia_4577","Forbes_1717","1.0"
"DBPedia_806","Forbes_806","0.30301495157826486"
"DBPedia_8138","Forbes_1372","0.8761109882979029"
"DBPedia_9353","Forbes_169","0.999999113763332"
"DBPedia_1604","Forbes_1942","0.9999999997588718"
"DBPedia_9327","Forbes_1395","0.9999998978643473"
"DBPedia_653","Forbes_1353","0.3594698397247309"
"DBPedia_8986","Forbes_754","1.0"
"DBPedia_5375","Forbes_1341","0.9974720128409248"
"DBPedia_6386","Forbes_680","1.0"
"DBPedia_248","Forbes_303","0.866854771296314"
"DBPedia_1033","Forbes_305","0.9389328303687083"
"DBPedia_10075","Forbes_1273","0.9998610580352864"
"DBPedia_736","Forbes_1687","0.9999999995296164"
"DBPedia_9825","Forbes_505","0.9999773948645133"
"DBPedia_1373","Forbes_600","1.0"
"DBPedia_4395","Forbes_1332","0.9997927307117497"
"DBPedia_3440","Forbes_1700","0.9999999999509174"
"DBPedia_5555","Forbes_948","0.9999999978940559"
"DBPedia_162","Forbes_862","0.8793182450216451"
"DBPedia_7730","Forbes_936","0.9999999998416519"
"DBPedia_5910","Forbes_1571","0.9999999999924792"
"DBPedia_1363","Forbes_695","1.0"
"DBPedia_250","Forbes_1951","0.9999886505946955"
"DBPedia_153","Forbes_570","0.9570075505848964"
"DBPedia_8719","Forbes_253","0.999960846060365"
"DBPedia_6923","Forbes_248","1.0"
"DBPedia_9808","Forbes_98","0.9999999222382217"
"DBPedia_9713","Forbes_1052","1.0"
"DBPedia_7216","Forbes_838","0.999997852351816"
"DBPedia_9188","Forbes_1970","0.9999999999999997"
"DBPedia_1610","Forbes_1211","1.0"
"DBPedia_6785","Forbes_1916","0.9999999999999997"
"DBPedia_9800","Forbes_286","0.9625220469537513"
"DBPedia_8628","Forbes_697","0.9999989491160394"
"DBPedia_5381","Forbes_114","0.4543526078687236"
"DBPedia_9370","Forbes_736","0.999997819234447"
"DBPedia_10119","Forbes_570","0.994995407905083"
"DBPedia_7391","Forbes_967","1.0"
"DBPedia_4921","Forbes_350","1.0"
"DBPedia_5753","Forbes_274","0.9999999986429052"
"DBPedia_10460","Forbes_420","0.4362967321022271"
"DBPedia_8327","Forbes_189","0.999999999999993"
"DBPedia_9353","Forbes_284","0.8051225733574987"
"DBPedia_6375","Forbes_562","1.0"
"DBPedia_1355","Forbes_1591","0.9999963781973855"
"DBPedia_1367","Forbes_156","1.0"
"DBPedia_4572","Forbes_1428","0.5538226438611326"
"DBPedia_10434","Forbes_1165","0.9768596697957364"
"DBPedia_2268","Forbes_267","1.0"
"DBPedia_4515","Forbes_973","0.9999215458644805"
"DBPedia_5748","Forbes_1782","1.0"
"DBPedia_4636","Forbes_650","0.9999571723229288"
"DBPedia_3936","Forbes_302","0.9999999968889342"
"DBPedia_5758","Forbes_77","1.0"
"DBPedia_2277","Forbes_226","1.0"
"DBPedia_8177","Forbes_1577","1.0"
"DBPedia_5925","Forbes_622","1.0"
"DBPedia_7488","Forbes_890","0.8114170117867332"
"DBPedia_3706","Forbes_1976","0.9626735494450586"
"DBPedia_9387","Forbes_432","1.0"
"DBPedia_2278","Forbes_1516","1.0"
"DBPedia_453","Forbes_39","0.9999999999999459"
"DBPedia_10571","Forbes_1239","0.8368455860519369"
"DBPedia_8175","Forbes_1865","0.5461218633977365"
"DBPedia_4934","Forbes_1327","0.9998687201334119"
"DBPedia_5397","Forbes_1023","1.0"
"DBPedia_8330","Forbes_86","0.5908604743766892"
"DBPedia_2274","Forbes_112","1.0"
"DBPedia_8030","Forbes_1883","0.9999804316484777"
"DBPedia_7591","Forbes_791","1.0"
"DBPedia_2701","Forbes_300","1.0"
"DBPedia_6940","Forbes_1488","0.8131980560606473"
"DBPedia_7103","Forbes_1669","0.9999999999994058"
"DBPedia_153","Forbes_458","0.9983072066678785"
"DBPedia_566","Forbes_253","0.9999999990041754"
"DBPedia_9869","Forbes_828","0.9981181557260833"
"DBPedia_8030","Forbes_886","0.5830715571993599"
"DBPedia_10660","Forbes_241","0.971639820053693"
"DBPedia_4603","Forbes_120","1.0"
"DBPedia_7669","Forbes_1329","0.9959151004470791"
"DBPedia_4478","Forbes_1741","0.9999999402979038"
"DBPedia_248","Forbes_405","0.9999999953836596"
"DBPedia_5399","Forbes_1475","1.0"
"DBPedia_4934","Forbes_1064","0.9872187413186427"
"DBPedia_6403","Forbes_1023","0.9999013834410039"
"DBPedia_2624","Forbes_1395","0.9999999942806767"
"DBPedia_5394","Forbes_1629","1.0"
"DBPedia_10119","Forbes_458","0.9846818864291765"
"DBPedia_7794","Forbes_800","0.9999999955434977"
"DBPedia_7378","Forbes_1128","0.999999999858424"
"DBPedia_4113","Forbes_290","1.0"
"DBPedia_9790","Forbes_1973","0.9999980596766718"
"DBPedia_8375","Forbes_953","0.9999999999999921"
"DBPedia_4765","Forbes_976","0.4580589701180494"
"DBPedia_2188","Forbes_1017","0.9999996518727603"
"DBPedia_433","Forbes_976","0.9999961681105318"
"DBPedia_8352","Forbes_493","1.0"
"DBPedia_9286","Forbes_25","1.0"
"DBPedia_5984","Forbes_642","1.0"
"DBPedia_10226","Forbes_1161","0.9240686575321513"
"DBPedia_7759","Forbes_535","0.9992071538735985"
"DBPedia_8421","Forbes_1166","0.9999999999783008"
"DBPedia_6186","Forbes_1801","0.9999223607456876"
